Date,ETH_Price
01/01/2020,130.77
01/01/2021,728.91
01/01/2022,3765.54
01/01/2023,1200.34
01/01/2024,2352.04
01/01/2025,3360.38
01/02/2020,127.19
01/02/2021,774.56
01/02/2022,3828.27
01/02/2023,1214.0
01/02/2024,2355.34
01/02/2025,3455.67
01/03/2020,134.35
01/03/2021,978.28
01/03/2022,3765.89
01/03/2023,1214.55
01/03/2024,2209.72
01/03/2025,3609.01
01/04/2020,134.2
01/04/2021,1041.43
01/04/2022,3785.11
01/04/2023,1256.9
01/04/2024,2267.11
01/04/2025,3656.88
01/05/2020,135.37
01/05/2021,1099.56
01/05/2022,3540.63
01/05/2023,1251.24
01/05/2024,2268.78
01/05/2025,3635.99
01/06/2020,144.15
01/06/2021,1208.42
01/06/2022,3406.81
01/06/2023,1269.14
01/06/2024,2240.78
01/06/2025,3687.45
01/07/2020,142.8
01/07/2021,1224.87
01/07/2022,3199.24
01/07/2023,1264.07
01/07/2024,2221.42
01/07/2025,3381.31
01/08/2020,140.72
01/08/2021,1216.93
01/08/2022,3080.95
01/08/2023,1290.16
01/08/2024,2330.44
01/08/2025,3327.29
01/09/2020,137.74
01/09/2021,1276.0
01/09/2022,3151.97
01/09/2023,1320.39
01/09/2024,2344.29
01/09/2025,3219.2
01/10/2020,144.84
01/10/2021,1254.25
01/10/2022,3082.68
01/10/2023,1335.62
01/10/2024,2584.38
01/10/2025,3267.04
01/11/2020,142.38
01/11/2021,1087.01
01/11/2022,3239.72
01/11/2023,1389.39
01/11/2024,2618.01
01/11/2025,3282.83
01/12/2020,146.54
01/12/2021,1050.16
01/12/2022,3371.26
01/12/2023,1415.92
01/12/2024,2522.54
01/12/2025,3267.3
01/13/2020,143.58
01/13/2021,1129.89
01/13/2022,3240.61
01/13/2023,1451.2
01/13/2024,2578.19
01/13/2025,3137.51
01/14/2020,165.64
01/14/2021,1231.62
01/14/2022,3307.42
01/14/2023,1549.9
01/14/2024,2472.87
01/14/2025,3225.63
01/15/2020,166.4
01/15/2021,1168.53
01/15/2022,3326.04
01/15/2023,1552.52
01/15/2024,2511.78
01/15/2025,3451.52
01/16/2020,164.21
01/16/2021,1227.83
01/16/2022,3346.88
01/16/2023,1576.94
01/16/2024,2587.4
01/16/2025,3308.05
01/17/2020,169.85
01/17/2021,1232.45
01/17/2022,3209.67
01/17/2023,1565.57
01/17/2024,2530.19
01/17/2025,3473.63
01/18/2020,174.14
01/18/2021,1258.45
01/18/2022,3159.85
01/18/2023,1511.43
01/18/2024,2470.81
01/18/2025,3307.71
01/19/2020,166.79
01/19/2021,1365.36
01/19/2022,3084.02
01/19/2023,1551.09
01/19/2024,2492.0
01/19/2025,3215.12
01/20/2020,166.87
01/20/2021,1376.99
01/20/2022,3001.48
01/20/2023,1658.52
01/20/2024,2472.01
01/20/2025,3284.0
01/21/2020,169.49
01/21/2021,1110.96
01/21/2022,2568.15
01/21/2023,1626.66
01/21/2024,2457.05
01/21/2025,3327.54
01/22/2020,168.07
01/22/2021,1232.62
01/22/2022,2412.18
01/22/2023,1627.44
01/22/2024,2314.2
01/22/2025,3242.6
01/23/2020,162.81
01/23/2021,1233.6
01/23/2022,2539.01
01/23/2023,1626.29
01/23/2024,2242.6
01/23/2025,3338.21
01/24/2020,162.54
01/24/2021,1392.51
01/24/2022,2439.29
01/24/2023,1555.97
01/24/2024,2235.02
01/24/2025,3310.09
01/25/2020,160.35
01/25/2021,1317.88
01/25/2022,2458.83
01/25/2023,1611.94
01/25/2024,2218.64
01/25/2025,3318.77
01/26/2020,167.86
01/26/2021,1365.97
01/26/2022,2462.99
01/26/2023,1601.09
01/26/2024,2267.68
01/26/2025,3232.61
01/27/2020,170.08
01/27/2021,1239.03
01/27/2022,2424.25
01/27/2023,1597.62
01/27/2024,2267.94
01/27/2025,3182.44
01/28/2020,175.64
01/28/2021,1329.69
01/28/2022,2544.99
01/28/2023,1572.1
01/28/2024,2256.9
01/28/2025,3077.72
01/29/2020,173.72
01/29/2021,1379.5
01/29/2022,2601.43
01/29/2023,1644.72
01/29/2024,2317.6
01/29/2025,3113.9
01/30/2020,184.69
01/30/2021,1378.05
01/30/2022,2601.68
01/30/2023,1566.2
01/30/2024,2343.01
01/30/2025,3247.39
01/31/2020,179.99
01/31/2021,1312.55
01/31/2022,2686.94
01/31/2023,1585.33
01/31/2024,2283.14
01/31/2025,3300.99
02/01/2020,183.6
02/01/2021,1374.17
02/01/2022,2787.23
02/01/2023,1641.68
02/01/2024,2304.28
02/01/2025,3117.54
02/02/2020,188.44
02/02/2021,1511.87
02/02/2022,2680.67
02/02/2023,1643.12
02/02/2024,2309.06
02/02/2025,2869.68
02/03/2020,189.69
02/03/2021,1664.49
02/03/2022,2695.46
02/03/2023,1663.52
02/03/2024,2296.49
02/03/2025,2879.9
02/04/2020,188.91
02/04/2021,1595.67
02/04/2022,2994.99
02/04/2023,1666.38
02/04/2024,2289.79
02/04/2025,2731.19
02/05/2020,203.78
02/05/2021,1719.19
02/05/2022,3012.65
02/05/2023,1629.02
02/05/2024,2301.83
02/05/2025,2788.25
02/06/2020,213.19
02/06/2021,1676.35
02/06/2022,3054.99
02/06/2023,1614.29
02/06/2024,2372.64
02/06/2025,2686.64
02/07/2020,223.33
02/07/2021,1611.62
02/07/2022,3139.77
02/07/2023,1671.03
02/07/2024,2425.1
02/07/2025,2622.1
02/08/2020,223.05
02/08/2021,1750.15
02/08/2022,3116.69
02/08/2023,1650.43
02/08/2024,2419.55
02/08/2025,2632.46
02/09/2020,228.49
02/09/2021,1769.13
02/09/2022,3243.94
02/09/2023,1545.35
02/09/2024,2486.56
02/09/2025,2627.18
02/10/2020,222.89
02/10/2021,1740.78
02/10/2022,3072.49
02/10/2023,1513.06
02/10/2024,2500.24
02/10/2025,2661.19
02/11/2020,236.69
02/11/2021,1785.62
02/11/2022,2927.54
02/11/2023,1538.51
02/11/2024,2507.21
02/11/2025,2602.59
02/12/2020,265.74
02/12/2021,1840.26
02/12/2022,2918.88
02/12/2023,1514.83
02/12/2024,2659.99
02/12/2025,2738.27
02/13/2020,268.32
02/13/2021,1814.96
02/13/2022,2871.13
02/13/2023,1505.24
02/13/2024,2639.99
02/13/2025,2675.87
02/14/2020,285.15
02/14/2021,1800.42
02/14/2022,2929.75
02/14/2023,1555.71
02/14/2024,2774.81
02/14/2025,2725.95
02/15/2020,264.88
02/15/2021,1779.25
02/15/2022,3183.52
02/15/2023,1674.92
02/15/2024,2822.59
02/15/2025,2693.04
02/16/2020,258.85
02/16/2021,1781.99
02/16/2022,3122.3
02/16/2023,1637.84
02/16/2024,2801.8
02/16/2025,2661.41
02/17/2020,267.85
02/17/2021,1849.88
02/17/2022,2891.87
02/17/2023,1693.87
02/17/2024,2785.93
02/17/2025,2744.05
02/18/2020,282.61
02/18/2021,1939.61
02/18/2022,2779.48
02/18/2023,1691.62
02/18/2024,2881.2
02/18/2025,2671.99
02/19/2020,258.45
02/19/2021,1955.0
02/19/2022,2763.63
02/19/2023,1679.75
02/19/2024,2944.8
02/19/2025,2715.5
02/20/2020,256.96
02/20/2021,1913.0
02/20/2022,2621.99
02/20/2023,1703.27
02/20/2024,3014.81
02/20/2025,2738.04
02/21/2020,265.27
02/21/2021,1933.53
02/21/2022,2568.02
02/21/2023,1659.76
02/21/2024,2967.9
02/21/2025,2663.0
02/22/2020,261.57
02/22/2021,1777.58
02/22/2022,2636.29
02/22/2023,1643.14
02/22/2024,2971.4
02/22/2025,2763.22
02/23/2020,274.48
02/23/2021,1577.89
02/23/2022,2579.71
02/23/2023,1650.53
02/23/2024,2922.24
02/23/2025,2819.69
02/24/2020,265.52
02/24/2021,1623.39
02/24/2022,2596.2
02/24/2023,1607.8
02/24/2024,2992.62
02/24/2025,2513.52
02/25/2020,246.67
02/25/2021,1481.75
02/25/2022,2768.49
02/25/2023,1594.58
02/25/2024,3112.59
02/25/2025,2495.7
02/26/2020,223.93
02/26/2021,1444.59
02/26/2022,2779.47
02/26/2023,1641.36
02/26/2024,3175.94
02/26/2025,2336.37
02/27/2020,227.79
02/27/2021,1458.13
02/27/2022,2616.79
02/27/2023,1633.45
02/27/2024,3242.36
02/27/2025,2307.72
02/28/2020,226.76
02/28/2021,1419.18
02/28/2022,2920.95
02/28/2023,1605.23
02/28/2024,3383.1
02/28/2025,2237.59
02/29/2020,217.21
02/29/2024,3340.09
03/01/2020,217.81
03/01/2021,1569.86
03/01/2022,2976.33
03/01/2023,1665.22
03/01/2024,3433.43
03/01/2025,2217.39
03/02/2020,231.97
03/02/2021,1486.78
03/02/2022,2947.3
03/02/2023,1647.86
03/02/2024,3421.4
03/02/2025,2518.11
03/03/2020,223.91
03/03/2021,1567.69
03/03/2022,2833.99
03/03/2023,1569.45
03/03/2024,3487.81
03/03/2025,2149.01
03/04/2020,224.26
03/04/2021,1539.23
03/04/2022,2622.1
03/04/2023,1566.73
03/04/2024,3627.76
03/04/2025,2171.51
03/05/2020,228.38
03/05/2021,1528.31
03/05/2022,2665.15
03/05/2023,1564.58
03/05/2024,3553.65
03/05/2025,2241.59
03/06/2020,244.88
03/06/2021,1650.35
03/06/2022,2551.29
03/06/2023,1565.84
03/06/2024,3818.59
03/06/2025,2202.2
03/07/2020,237.23
03/07/2021,1726.16
03/07/2022,2491.12
03/07/2023,1561.96
03/07/2024,3868.76
03/07/2025,2141.6
03/08/2020,199.43
03/08/2021,1833.18
03/08/2022,2575.97
03/08/2023,1532.38
03/08/2024,3883.36
03/08/2025,2203.58
03/09/2020,202.81
03/09/2021,1870.51
03/09/2022,2726.98
03/09/2023,1437.32
03/09/2024,3905.21
03/09/2025,2020.41
03/10/2020,200.7
03/10/2021,1795.12
03/10/2022,2606.7
03/10/2023,1426.44
03/10/2024,3878.47
03/10/2025,1865.1
03/11/2020,194.61
03/11/2021,1825.78
03/11/2022,2556.86
03/11/2023,1471.97
03/11/2024,4064.8
03/11/2025,1923.43
03/12/2020,107.82
03/12/2021,1766.1
03/12/2022,2568.8
03/12/2023,1580.33
03/12/2024,3979.96
03/12/2025,1908.2
03/13/2020,134.06
03/13/2021,1922.35
03/13/2022,2515.65
03/13/2023,1673.45
03/13/2024,4004.79
03/13/2025,1864.59
03/14/2020,122.54
03/14/2021,1848.1
03/14/2022,2589.41
03/14/2023,1699.4
03/14/2024,3881.7
03/14/2025,1911.65
03/15/2020,123.78
03/15/2021,1793.48
03/15/2022,2617.73
03/15/2023,1649.96
03/15/2024,3742.19
03/15/2025,1937.17
03/16/2020,111.02
03/16/2021,1805.12
03/16/2022,2773.81
03/16/2023,1673.73
03/16/2024,3523.09
03/16/2025,1887.0
03/17/2020,115.67
03/17/2021,1823.58
03/17/2022,2811.92
03/17/2023,1789.27
03/17/2024,3644.71
03/17/2025,1926.31
03/18/2020,118.11
03/18/2021,1776.08
03/18/2022,2938.92
03/18/2023,1758.84
03/18/2024,3520.46
03/18/2025,1931.54
03/19/2020,136.3
03/19/2021,1809.1
03/19/2022,2950.84
03/19/2023,1780.68
03/19/2024,3158.64
03/19/2025,2056.06
03/20/2020,133.48
03/20/2021,1806.1
03/20/2022,2861.38
03/20/2023,1732.78
03/20/2024,3516.53
03/20/2025,1983.79
03/21/2020,132.66
03/21/2021,1782.98
03/21/2022,2890.03
03/21/2023,1801.23
03/21/2024,3492.85
03/21/2025,1965.75
03/22/2020,122.32
03/22/2021,1680.97
03/22/2022,2969.64
03/22/2023,1734.33
03/22/2024,3336.35
03/22/2025,1980.69
03/23/2020,135.92
03/23/2021,1668.08
03/23/2022,3036.0
03/23/2023,1813.79
03/23/2024,3329.53
03/23/2025,2005.99
03/24/2020,138.42
03/24/2021,1581.84
03/24/2022,3110.76
03/24/2023,1749.57
03/24/2024,3454.98
03/24/2025,2081.2
03/25/2020,136.1
03/25/2021,1585.74
03/25/2022,3102.14
03/25/2023,1741.88
03/25/2024,3590.42
03/25/2025,2066.15
03/26/2020,138.4
03/26/2021,1698.84
03/26/2022,3145.0
03/26/2023,1773.88
03/26/2024,3587.33
03/26/2025,2009.52
03/27/2020,131.33
03/27/2021,1712.63
03/27/2022,3295.65
03/27/2023,1715.22
03/27/2024,3501.19
03/27/2025,2003.66
03/28/2020,130.98
03/28/2021,1687.01
03/28/2022,3332.92
03/28/2023,1772.99
03/28/2024,3560.49
03/28/2025,1896.9
03/29/2020,124.5
03/29/2021,1816.74
03/29/2022,3400.51
03/29/2023,1793.07
03/29/2024,3509.74
03/29/2025,1828.08
03/30/2020,132.06
03/30/2021,1840.46
03/30/2022,3385.79
03/30/2023,1793.61
03/30/2024,3505.64
03/30/2025,1807.74
03/31/2020,132.72
03/31/2021,1919.37
03/31/2022,3281.51
03/31/2023,1821.52
03/31/2024,3645.29
03/31/2025,1822.43
04/01/2020,135.69
04/01/2021,1968.05
04/01/2022,3455.21
04/01/2023,1820.79
04/01/2024,3503.8
04/01/2025,1904.98
04/02/2020,141.28
04/02/2021,2133.69
04/02/2022,3443.77
04/02/2023,1794.51
04/02/2024,3278.96
04/02/2025,1795.22
04/03/2020,141.31
04/03/2021,2008.52
04/03/2022,3521.91
04/03/2023,1810.51
04/03/2024,3310.83
04/03/2025,1817.23
04/04/2020,144.1
04/04/2021,2075.69
04/04/2022,3519.5
04/04/2023,1870.37
04/04/2024,3327.4
04/04/2025,1816.87
04/05/2020,142.68
04/05/2021,2107.38
04/05/2022,3406.99
04/05/2023,1908.69
04/05/2024,3317.85
04/05/2025,1806.01
04/06/2020,171.32
04/06/2021,2112.21
04/06/2022,3168.51
04/06/2023,1872.41
04/06/2024,3351.59
04/06/2025,1580.76
04/07/2020,164.63
04/07/2021,1963.47
04/07/2022,3227.19
04/07/2023,1863.72
04/07/2024,3454.2
04/07/2025,1553.04
04/08/2020,173.11
04/08/2021,2080.46
04/08/2022,3192.39
04/08/2023,1848.82
04/08/2024,3694.61
04/08/2025,1473.41
04/09/2020,169.52
04/09/2021,2066.87
04/09/2022,3258.57
04/09/2023,1858.92
04/09/2024,3506.39
04/09/2025,1669.51
04/10/2020,157.81
04/10/2021,2133.49
04/10/2022,3203.04
04/10/2023,1910.2
04/10/2024,3545.64
04/10/2025,1522.25
04/11/2020,158.33
04/11/2021,2151.36
04/11/2022,2979.74
04/11/2023,1889.86
04/11/2024,3502.52
04/11/2025,1566.85
04/12/2020,158.59
04/12/2021,2137.69
04/12/2022,3027.66
04/12/2023,1917.39
04/12/2024,3237.43
04/12/2025,1644.18
04/13/2020,156.29
04/13/2021,2299.19
04/13/2022,3118.28
04/13/2023,2012.01
04/13/2024,3007.01
04/13/2025,1597.76
04/14/2020,158.45
04/14/2021,2432.6
04/14/2022,3021.98
04/14/2023,2099.99
04/14/2024,3155.11
04/14/2025,1623.77
04/15/2020,152.73
04/15/2021,2514.04
04/15/2022,3040.56
04/15/2023,2090.6
04/15/2024,3101.99
04/15/2025,1588.78
04/16/2020,172.29
04/16/2021,2422.67
04/16/2022,3059.3
04/16/2023,2118.67
04/16/2024,3084.22
04/16/2025,1577.14
04/17/2020,170.69
04/17/2021,2317.6
04/17/2022,2988.06
04/17/2023,2074.0
04/17/2024,2985.41
04/17/2025,1583.62
04/18/2020,187.4
04/18/2021,2235.64
04/18/2022,3055.56
04/18/2023,2103.5
04/18/2024,3064.4
04/18/2025,1588.6
04/19/2020,180.03
04/19/2021,2161.12
04/19/2022,3101.77
04/19/2023,1933.73
04/19/2024,3056.46
04/19/2025,1613.27
04/20/2020,170.2
04/20/2021,2330.03
04/20/2022,3076.04
04/20/2023,1942.98
04/20/2024,3155.79
04/20/2025,1587.36
04/21/2020,170.74
04/21/2021,2357.06
04/21/2022,2983.58
04/21/2023,1848.78
04/21/2024,3147.67
04/21/2025,1579.57
04/22/2020,182.7
04/22/2021,2397.94
04/22/2022,2962.39
04/22/2023,1874.16
04/22/2024,3200.2
04/22/2025,1756.26
04/23/2020,185.51
04/23/2021,2367.39
04/23/2022,2933.03
04/23/2023,1862.0
04/23/2024,3219.46
04/23/2025,1795.07
04/24/2020,187.59
04/24/2021,2213.35
04/24/2022,2921.0
04/24/2023,1841.84
04/24/2024,3140.8
04/24/2025,1769.65
04/25/2020,194.21
04/25/2021,2320.49
04/25/2022,3006.62
04/25/2023,1866.1
04/25/2024,3155.8
04/25/2025,1784.6
04/26/2020,197.38
04/26/2021,2532.6
04/26/2022,2809.67
04/26/2023,1866.01
04/26/2024,3131.3
04/26/2025,1820.88
04/27/2020,196.34
04/27/2021,2666.13
04/27/2022,2888.96
04/27/2023,1908.68
04/27/2024,3255.56
04/27/2025,1791.29
04/28/2020,196.24
04/28/2021,2748.24
04/28/2022,2936.93
04/28/2023,1890.94
04/28/2024,3263.45
04/28/2025,1799.88
04/29/2020,215.36
04/29/2021,2757.04
04/29/2022,2817.13
04/29/2023,1907.8
04/29/2024,3216.73
04/29/2025,1797.81
04/30/2020,206.08
04/30/2021,2772.42
04/30/2022,2726.66
04/30/2023,1870.09
04/30/2024,3014.05
04/30/2025,1793.61
05/01/2020,212.02
05/01/2021,2944.77
05/01/2022,2824.81
05/01/2023,1830.73
05/01/2024,2972.46
05/01/2025,1838.11
05/02/2020,213.9
05/02/2021,2949.56
05/02/2022,2856.54
05/02/2023,1870.08
05/02/2024,2986.19
05/02/2025,1842.2
05/03/2020,209.86
05/03/2021,3431.04
05/03/2022,2781.7
05/03/2023,1905.12
05/03/2024,3102.61
05/03/2025,1833.52
05/04/2020,206.48
05/04/2021,3239.01
05/04/2022,2940.64
05/04/2023,1877.07
05/04/2024,3117.23
05/04/2025,1808.86
05/05/2020,205.29
05/05/2021,3524.26
05/05/2022,2747.97
05/05/2023,1993.3
05/05/2024,3136.41
05/05/2025,1820.19
05/06/2020,198.97
05/06/2021,3489.73
05/06/2022,2692.85
05/06/2023,1896.33
05/06/2024,3062.6
05/06/2025,1817.0
05/07/2020,212.0
05/07/2021,3479.53
05/07/2022,2635.34
05/07/2023,1870.4
05/07/2024,3005.69
05/07/2025,1811.11
05/08/2020,211.31
05/08/2021,3910.26
05/08/2022,2519.71
05/08/2023,1847.56
05/08/2024,2974.21
05/08/2025,2207.39
05/09/2020,210.07
05/09/2021,3923.95
05/09/2022,2228.55
05/09/2023,1846.52
05/09/2024,3036.23
05/09/2025,2345.04
05/10/2020,187.54
05/10/2021,3945.88
05/10/2022,2342.05
05/10/2023,1840.84
05/10/2024,2909.99
05/10/2025,2583.23
05/11/2020,185.73
05/11/2021,4173.45
05/11/2022,2084.99
05/11/2023,1794.3
05/11/2024,2912.45
05/11/2025,2514.57
05/12/2020,189.76
05/12/2021,3823.21
05/12/2022,1960.22
05/12/2023,1807.45
05/12/2024,2929.29
05/12/2025,2495.47
05/13/2020,199.58
05/13/2021,3717.91
05/13/2022,2009.69
05/13/2023,1795.11
05/13/2024,2950.99
05/13/2025,2679.71
05/14/2020,203.29
05/14/2021,4075.01
05/14/2022,2056.48
05/14/2023,1799.21
05/14/2024,2881.93
05/14/2025,2609.74
05/15/2020,194.86
05/15/2021,3646.68
05/15/2022,2145.29
05/15/2023,1816.2
05/15/2024,3032.55
05/15/2025,2548.69
05/16/2020,200.45
05/16/2021,3582.1
05/16/2022,2023.66
05/16/2023,1824.21
05/16/2024,2944.7
05/16/2025,2537.12
05/17/2020,207.0
05/17/2021,3282.51
05/17/2022,2090.72
05/17/2023,1822.12
05/17/2024,3092.01
05/17/2025,2475.08
05/18/2020,214.91
05/18/2021,3375.07
05/18/2022,1915.11
05/18/2023,1800.56
05/18/2024,3122.94
05/18/2025,2497.78
05/19/2020,214.58
05/19/2021,2438.92
05/19/2022,2019.55
05/19/2023,1812.32
05/19/2024,3071.19
05/19/2025,2528.14
05/20/2020,209.98
05/20/2021,2768.62
05/20/2022,1959.08
05/20/2023,1819.42
05/20/2024,3661.78
05/20/2025,2524.19
05/21/2020,198.74
05/21/2021,2430.98
05/21/2022,1975.07
05/21/2023,1804.91
05/21/2024,3789.6
05/21/2025,2550.99
05/22/2020,207.36
05/22/2021,2294.87
05/22/2022,2043.19
05/22/2023,1817.35
05/22/2024,3737.73
05/22/2025,2664.82
05/23/2020,206.6
05/23/2021,2096.39
05/23/2022,1973.32
05/23/2023,1854.05
05/23/2024,3783.61
05/23/2025,2526.5
05/24/2020,199.9
05/24/2021,2648.43
05/24/2022,1979.41
05/24/2023,1799.89
05/24/2024,3728.28
05/24/2025,2530.4
05/25/2020,204.15
05/25/2021,2705.11
05/25/2022,1942.63
05/25/2023,1805.6
05/25/2024,3749.26
05/25/2025,2551.22
05/26/2020,200.89
05/26/2021,2884.94
05/26/2022,1792.23
05/26/2023,1827.79
05/26/2024,3826.47
05/26/2025,2563.7
05/27/2020,208.29
05/27/2021,2742.23
05/27/2022,1727.27
05/27/2023,1829.89
05/27/2024,3894.22
05/27/2025,2660.81
05/28/2020,220.21
05/28/2021,2412.1
05/28/2022,1792.22
05/28/2023,1908.64
05/28/2024,3844.69
05/28/2025,2681.6
05/29/2020,220.67
05/29/2021,2278.74
05/29/2022,1813.64
05/29/2023,1892.6
05/29/2024,3767.43
05/29/2025,2631.39
05/30/2020,243.66
05/30/2021,2385.98
05/30/2022,1998.78
05/30/2023,1900.59
05/30/2024,3747.91
05/30/2025,2531.34
05/31/2020,231.57
05/31/2021,2706.15
05/31/2022,1941.9
05/31/2023,1873.63
05/31/2024,3762.29
05/31/2025,2528.06
06/01/2020,248.23
06/01/2021,2634.57
06/01/2022,1817.95
06/01/2023,1861.78
06/01/2024,3815.82
06/01/2025,2539.21
06/02/2020,237.71
06/02/2021,2706.22
06/02/2022,1834.08
06/02/2023,1906.68
06/02/2024,3780.91
06/02/2025,2607.41
06/03/2020,244.52
06/03/2021,2857.25
06/03/2022,1775.12
06/03/2023,1892.06
06/03/2024,3767.06
06/03/2025,2593.36
06/04/2020,243.21
06/04/2021,2689.51
06/04/2022,1804.58
06/04/2023,1890.01
06/04/2024,3810.23
06/04/2025,2607.68
06/05/2020,240.03
06/05/2021,2627.73
06/05/2022,1806.23
06/05/2023,1810.5
06/05/2024,3865.99
06/05/2025,2414.01
06/06/2020,241.94
06/06/2021,2711.92
06/06/2022,1859.84
06/06/2023,1884.64
06/06/2024,3813.46
06/06/2025,2476.1
06/07/2020,244.56
06/07/2021,2592.05
06/07/2022,1813.33
06/07/2023,1832.13
06/07/2024,3678.32
06/07/2025,2524.63
06/08/2020,246.4
06/08/2021,2507.23
06/08/2022,1791.88
06/08/2023,1845.64
06/08/2024,3681.57
06/08/2025,2509.83
06/09/2020,243.8
06/09/2021,2610.18
06/09/2022,1788.81
06/09/2023,1840.37
06/09/2024,3706.4
06/09/2025,2680.13
06/10/2020,247.78
06/10/2021,2471.09
06/10/2022,1662.91
06/10/2023,1751.53
06/10/2024,3667.85
06/10/2025,2816.4
06/11/2020,230.51
06/11/2021,2354.01
06/11/2022,1532.89
06/11/2023,1752.76
06/11/2024,3497.33
06/11/2025,2771.61
06/12/2020,237.55
06/12/2021,2370.74
06/12/2022,1434.84
06/12/2023,1742.57
06/12/2024,3560.12
06/12/2025,2642.65
06/13/2020,238.11
06/13/2021,2509.33
06/13/2022,1209.82
06/13/2023,1740.12
06/13/2024,3469.4
06/13/2025,2579.19
06/14/2020,231.77
06/14/2021,2580.77
06/14/2022,1208.9
06/14/2023,1650.95
06/14/2024,3481.8
06/14/2025,2530.76
06/15/2020,230.86
06/15/2021,2543.54
06/15/2022,1237.52
06/15/2023,1666.96
06/15/2024,3568.74
06/15/2025,2547.61
06/16/2020,235.3
06/16/2021,2367.89
06/16/2022,1068.5
06/16/2023,1717.92
06/16/2024,3624.41
06/16/2025,2544.17
06/17/2020,233.82
06/17/2021,2373.28
06/17/2022,1086.94
06/17/2023,1727.76
06/17/2024,3511.46
06/17/2025,2509.95
06/18/2020,231.27
06/18/2021,2234.09
06/18/2022,995.13
06/18/2023,1720.95
06/18/2024,3483.42
06/18/2025,2525.0
06/19/2020,229.0
06/19/2021,2164.67
06/19/2022,1128.53
06/19/2023,1737.11
06/19/2024,3560.51
06/19/2025,2521.12
06/20/2020,228.89
06/20/2021,2243.47
06/20/2022,1128.24
06/20/2023,1791.99
06/20/2024,3513.08
06/20/2025,2406.49
06/21/2020,228.04
06/21/2021,1885.49
06/21/2022,1125.85
06/21/2023,1889.11
06/21/2024,3518.5
06/21/2025,2295.73
06/22/2020,243.13
06/22/2021,1879.28
06/22/2022,1050.19
06/22/2023,1872.01
06/22/2024,3495.75
06/22/2025,2227.7
06/23/2020,243.14
06/23/2021,1968.14
06/23/2022,1144.72
06/23/2023,1892.63
06/23/2024,3420.91
06/23/2025,2411.66
06/24/2020,234.58
06/24/2021,1989.52
06/24/2022,1225.02
06/24/2023,1874.96
06/24/2024,3352.73
06/24/2025,2448.45
06/25/2020,232.5
06/25/2021,1808.82
06/25/2022,1242.36
06/25/2023,1898.8
06/25/2024,3394.91
06/25/2025,2418.49
06/26/2020,229.64
06/26/2021,1829.64
06/26/2022,1197.79
06/26/2023,1858.97
06/26/2024,3371.44
06/26/2025,2415.96
06/27/2020,220.94
06/27/2021,1982.28
06/27/2022,1192.51
06/27/2023,1889.58
06/27/2024,3450.44
06/27/2025,2423.17
06/28/2020,224.93
06/28/2021,2084.41
06/28/2022,1144.05
06/28/2023,1828.02
06/28/2024,3380.15
06/28/2025,2435.62
06/29/2020,227.93
06/29/2021,2165.33
06/29/2022,1100.21
06/29/2023,1851.99
06/29/2024,3378.8
06/29/2025,2500.09
06/30/2020,225.6
06/30/2021,2275.68
06/30/2022,1071.01
06/30/2023,1933.79
06/30/2024,3438.16
06/30/2025,2485.47
07/01/2020,230.99
07/01/2021,2106.41
07/01/2022,1059.73
07/01/2023,1924.5
07/01/2024,3442.2
07/01/2025,2405.01
07/02/2020,226.46
07/02/2021,2154.13
07/02/2022,1067.01
07/02/2023,1937.48
07/02/2024,3421.35
07/02/2025,2570.41
07/03/2020,224.87
07/03/2021,2226.99
07/03/2022,1074.26
07/03/2023,1955.54
07/03/2024,3295.48
07/03/2025,2591.25
07/04/2020,229.17
07/04/2021,2322.69
07/04/2022,1151.0
07/04/2023,1936.2
07/04/2024,3059.7
07/04/2025,2508.04
07/05/2020,227.56
07/05/2021,2196.53
07/05/2022,1132.5
07/05/2023,1910.36
07/05/2024,2981.78
07/05/2025,2516.41
07/06/2020,241.6
07/06/2021,2322.5
07/06/2022,1186.57
07/06/2023,1846.17
07/06/2024,3066.83
07/06/2025,2570.35
07/07/2020,239.39
07/07/2021,2316.57
07/07/2022,1237.49
07/07/2023,1870.91
07/07/2024,2931.0
07/07/2025,2542.29
07/08/2020,246.95
07/08/2021,2116.33
07/08/2022,1214.04
07/08/2023,1865.24
07/08/2024,3019.01
07/08/2025,2615.25
07/09/2020,241.98
07/09/2021,2146.99
07/09/2022,1217.02
07/09/2023,1862.8
07/09/2024,3066.65
07/09/2025,2768.74
07/10/2020,241.26
07/10/2021,2110.69
07/10/2022,1168.36
07/10/2023,1880.4
07/10/2024,3101.05
07/10/2025,2951.29
07/11/2020,239.19
07/11/2021,2140.45
07/11/2022,1096.4
07/11/2023,1878.3
07/11/2024,3099.57
07/11/2025,2958.22
07/12/2020,242.79
07/12/2021,2031.58
07/12/2022,1038.58
07/12/2023,1871.82
07/12/2024,3133.88
07/12/2025,2943.28
07/13/2020,239.5
07/13/2021,1940.15
07/13/2022,1115.0
07/13/2023,2004.49
07/13/2024,3175.93
07/13/2025,2972.03
07/14/2020,240.44
07/14/2021,1994.58
07/14/2022,1193.42
07/14/2023,1937.83
07/14/2024,3245.08
07/14/2025,3013.62
07/15/2020,238.61
07/15/2021,1919.51
07/15/2022,1231.25
07/15/2023,1931.41
07/15/2024,3483.39
07/15/2025,3137.89
07/16/2020,233.57
07/16/2021,1876.26
07/16/2022,1355.85
07/16/2023,1922.11
07/16/2024,3444.13
07/16/2025,3371.35
07/17/2020,232.67
07/17/2021,1899.59
07/17/2022,1338.65
07/17/2023,1911.2
07/17/2024,3387.05
07/17/2025,3476.87
07/18/2020,235.67
07/18/2021,1891.64
07/18/2022,1581.04
07/18/2023,1897.21
07/18/2024,3426.5
07/18/2025,3546.92
07/19/2020,239.11
07/19/2021,1818.73
07/19/2022,1542.32
07/19/2023,1888.63
07/19/2024,3503.53
07/19/2025,3592.01
07/20/2020,236.01
07/20/2021,1786.03
07/20/2022,1521.58
07/20/2023,1891.59
07/20/2024,3517.5
07/20/2025,3756.69
07/21/2020,245.59
07/21/2021,1995.5
07/21/2022,1575.45
07/21/2023,1891.73
07/21/2024,3535.92
07/21/2025,3762.33
07/22/2020,263.74
07/22/2021,2024.56
07/22/2022,1535.27
07/22/2023,1866.52
07/22/2024,3439.6
07/22/2025,3746.21
07/23/2020,275.3
07/23/2021,2124.25
07/23/2022,1548.67
07/23/2023,1888.73
07/23/2024,3482.51
07/23/2025,3628.29
07/24/2020,279.15
07/24/2021,2184.75
07/24/2022,1597.7
07/24/2023,1850.0
07/24/2024,3335.81
07/24/2025,3706.94
07/25/2020,305.26
07/25/2021,2189.79
07/25/2022,1440.79
07/25/2023,1857.66
07/25/2024,3175.48
07/25/2025,3724.96
07/26/2020,311.0
07/26/2021,2228.08
07/26/2022,1449.12
07/26/2023,1872.0
07/26/2024,3274.61
07/26/2025,3741.1
07/27/2020,321.93
07/27/2021,2299.49
07/27/2022,1635.74
07/27/2023,1861.28
07/27/2024,3249.01
07/27/2025,3872.1
07/28/2020,316.77
07/28/2021,2300.9
07/28/2022,1724.52
07/28/2023,1874.19
07/28/2024,3270.16
07/28/2025,3799.0
07/29/2020,317.71
07/29/2021,2382.92
07/29/2022,1721.68
07/29/2023,1880.46
07/29/2024,3317.66
07/29/2025,3793.79
07/30/2020,334.87
07/30/2021,2461.81
07/30/2022,1697.0
07/30/2023,1861.79
07/30/2024,3279.21
07/30/2025,3810.0
07/31/2020,346.33
07/31/2021,2531.05
07/31/2022,1678.12
07/31/2023,1856.14
07/31/2024,3232.74
07/31/2025,3698.39
08/01/2020,387.0
08/01/2021,2555.69
08/01/2022,1630.28
08/01/2023,1873.47
08/01/2024,3203.4
08/01/2025,3488.2
08/02/2020,372.42
08/02/2021,2606.93
08/02/2022,1630.91
08/02/2023,1839.9
08/02/2024,2989.61
08/02/2025,3393.94
08/03/2020,385.94
08/03/2021,2509.04
08/03/2022,1618.16
08/03/2023,1835.81
08/03/2024,2903.64
08/03/2025,3496.74
08/04/2020,389.61
08/04/2021,2724.78
08/04/2022,1607.96
08/04/2023,1830.23
08/04/2024,2688.92
08/04/2025,3720.99
08/05/2020,400.72
08/05/2021,2826.99
08/05/2022,1736.81
08/05/2023,1836.48
08/05/2024,2419.59
08/05/2025,3612.0
08/06/2020,394.77
08/06/2021,2891.58
08/06/2022,1690.6
08/06/2023,1830.28
08/06/2024,2461.33
08/06/2025,3683.31
08/07/2020,379.34
08/07/2021,3160.31
08/07/2022,1700.19
08/07/2023,1829.1
08/07/2024,2342.8
08/07/2025,3910.31
08/08/2020,397.03
08/08/2021,3011.85
08/08/2022,1777.05
08/08/2023,1856.3
08/08/2024,2682.5
08/08/2025,4009.5
08/09/2020,390.14
08/09/2021,3160.52
08/09/2022,1702.76
08/09/2023,1855.35
08/09/2024,2598.78
08/09/2025,4260.62
08/10/2020,395.44
08/10/2021,3141.66
08/10/2022,1853.57
08/10/2023,1852.47
08/10/2024,2609.92
08/10/2025,4250.57
08/11/2020,379.0
08/11/2021,3160.5
08/11/2022,1880.19
08/11/2023,1848.84
08/11/2024,2555.38
08/11/2025,4223.22
08/12/2020,387.18
08/12/2021,3045.96
08/12/2022,1958.28
08/12/2023,1849.93
08/12/2024,2722.3
08/12/2025,4590.52
08/13/2020,424.54
08/13/2021,3322.32
08/13/2022,1983.55
08/13/2023,1840.73
08/13/2024,2702.44
08/13/2025,4749.3
08/14/2020,438.11
08/14/2021,3263.16
08/14/2022,1935.31
08/14/2023,1845.5
08/14/2024,2661.45
08/14/2025,4546.84
08/15/2020,432.32
08/15/2021,3307.09
08/15/2022,1899.06
08/15/2023,1828.98
08/15/2024,2569.89
08/15/2025,4439.47
08/16/2020,433.62
08/16/2021,3146.53
08/16/2022,1876.67
08/16/2023,1807.81
08/16/2024,2592.73
08/16/2025,4421.99
08/17/2020,430.89
08/17/2021,3011.72
08/17/2022,1834.25
08/17/2023,1681.49
08/17/2024,2614.51
08/17/2025,4472.33
08/18/2020,421.95
08/18/2021,3014.55
08/18/2022,1846.39
08/18/2023,1661.59
08/18/2024,2612.15
08/18/2025,4312.99
08/19/2020,407.46
08/19/2021,3184.12
08/19/2022,1609.01
08/19/2023,1669.67
08/19/2024,2636.36
08/19/2025,4075.59
08/20/2020,415.94
08/20/2021,3284.82
08/20/2022,1576.04
08/20/2023,1685.24
08/20/2024,2572.82
08/20/2025,4336.16
08/21/2020,387.97
08/21/2021,3223.43
08/21/2022,1618.13
08/21/2023,1667.55
08/21/2024,2630.71
08/21/2025,4225.3
08/22/2020,395.24
08/22/2021,3238.0
08/22/2022,1624.66
08/22/2023,1634.99
08/22/2024,2622.88
08/22/2025,4832.07
08/23/2020,390.71
08/23/2021,3321.28
08/23/2022,1665.41
08/23/2023,1679.61
08/23/2024,2762.48
08/23/2025,4778.4
08/24/2020,407.68
08/24/2021,3170.62
08/24/2022,1656.56
08/24/2023,1661.16
08/24/2024,2768.0
08/24/2025,4780.15
08/25/2020,382.93
08/25/2021,3226.87
08/25/2022,1695.11
08/25/2023,1653.8
08/25/2024,2746.13
08/25/2025,4376.18
08/26/2020,385.81
08/26/2021,3093.2
08/26/2022,1508.18
08/26/2023,1647.04
08/26/2024,2680.49
08/26/2025,4600.63
08/27/2020,383.27
08/27/2021,3273.45
08/27/2022,1491.06
08/27/2023,1658.33
08/27/2024,2457.33
08/27/2025,4506.71
08/28/2020,395.11
08/28/2021,3244.48
08/28/2022,1426.76
08/28/2023,1653.08
08/28/2024,2528.33
08/28/2025,4511.21
08/29/2020,398.65
08/29/2021,3223.47
08/29/2022,1551.8
08/29/2023,1729.42
08/29/2024,2527.61
08/29/2025,4360.18
08/30/2020,428.94
08/30/2021,3229.64
08/30/2022,1524.59
08/30/2023,1705.23
08/30/2024,2526.0
08/30/2025,4373.7
08/31/2020,433.79
08/31/2021,3429.2
08/31/2022,1554.1
08/31/2023,1645.76
08/31/2024,2513.01
08/31/2025,4391.83
09/01/2020,475.4
09/01/2021,3826.82
09/01/2022,1586.16
09/01/2023,1629.12
09/01/2024,2425.72
09/01/2025,4314.5
09/02/2020,439.5
09/02/2021,3785.82
09/02/2022,1575.35
09/02/2023,1637.03
09/02/2024,2538.01
09/02/2025,4326.5
09/03/2020,381.4
09/03/2021,3938.11
09/03/2022,1557.46
09/03/2023,1635.84
09/03/2024,2425.29
09/03/2025,4450.46
09/04/2020,385.26
09/04/2021,3885.52
09/04/2022,1579.28
09/04/2023,1630.51
09/04/2024,2450.71
09/04/2025,4297.55
09/05/2020,335.01
09/05/2021,3950.29
09/05/2022,1617.8
09/05/2023,1634.45
09/05/2024,2368.81
09/05/2025,4307.45
09/06/2020,352.8
09/06/2021,3926.77
09/06/2022,1559.01
09/06/2023,1633.15
09/06/2024,2225.23
09/06/2025,4273.14
09/07/2020,353.59
09/07/2021,3434.57
09/07/2022,1630.0
09/07/2023,1648.11
09/07/2024,2273.58
09/07/2025,4306.19
09/08/2020,337.39
09/08/2021,3499.0
09/08/2022,1635.37
09/08/2023,1636.44
09/08/2024,2297.3
09/08/2025,4306.37
09/09/2020,350.85
09/09/2021,3424.93
09/09/2022,1718.23
09/09/2023,1635.54
09/09/2024,2359.5
09/09/2025,4310.09
09/10/2020,367.93
09/10/2021,3208.86
09/10/2022,1774.12
09/10/2023,1617.42
09/10/2024,2388.52
09/10/2025,4349.32
09/11/2020,373.63
09/11/2021,3267.21
09/11/2022,1766.11
09/11/2023,1551.85
09/11/2024,2340.55
09/11/2025,4458.82
09/12/2020,387.78
09/12/2021,3404.21
09/12/2022,1716.37
09/12/2023,1592.97
09/12/2024,2361.76
09/12/2025,4712.16
09/13/2020,366.42
09/13/2021,3285.35
09/13/2022,1574.4
09/13/2023,1607.62
09/13/2024,2439.19
09/13/2025,4666.53
09/14/2020,377.12
09/14/2021,3434.37
09/14/2022,1638.39
09/14/2023,1626.47
09/14/2024,2417.79
09/14/2025,4604.49
09/15/2020,364.06
09/15/2021,3613.55
09/15/2022,1472.75
09/15/2023,1641.29
09/15/2024,2316.1
09/15/2025,4523.74
09/16/2020,365.11
09/16/2021,3567.98
09/16/2022,1433.9
09/16/2023,1634.4
09/16/2024,2295.68
09/16/2025,4501.29
09/17/2020,389.36
09/17/2021,3399.81
09/17/2022,1468.83
09/17/2023,1622.48
09/17/2024,2341.8
09/17/2025,4590.53
09/18/2020,384.39
09/18/2021,3435.64
09/18/2022,1334.51
09/18/2023,1636.66
09/18/2024,2374.75
09/18/2025,4587.66
09/19/2020,385.25
09/19/2021,3328.62
09/19/2022,1375.98
09/19/2023,1643.12
09/19/2024,2465.21
09/19/2025,4468.59
09/20/2020,371.04
09/20/2021,2977.28
09/20/2022,1322.93
09/20/2023,1622.26
09/20/2024,2561.4
09/20/2025,4480.42
09/21/2020,340.36
09/21/2021,2765.9
09/21/2022,1245.78
09/21/2023,1583.94
09/21/2024,2612.4
09/21/2025,4444.97
09/22/2020,344.21
09/22/2021,3076.92
09/22/2022,1326.46
09/22/2023,1593.08
09/22/2024,2581.0
09/22/2025,4199.08
09/23/2020,320.72
09/23/2021,3152.5
09/23/2022,1327.25
09/23/2023,1593.86
09/23/2024,2646.97
09/23/2025,4164.26
09/24/2020,348.97
09/24/2021,2928.53
09/24/2022,1317.13
09/24/2023,1580.71
09/24/2024,2653.2
09/24/2025,4152.81
09/25/2020,351.92
09/25/2021,2921.73
09/25/2022,1294.63
09/25/2023,1588.33
09/25/2024,2579.95
09/25/2025,3874.36
09/26/2020,353.92
09/26/2021,3059.37
09/26/2022,1336.17
09/26/2023,1594.01
09/26/2024,2632.26
09/26/2025,4032.24
09/27/2020,357.49
09/27/2021,2925.59
09/27/2022,1328.02
09/27/2023,1598.64
09/27/2024,2694.43
09/27/2025,4018.38
09/28/2020,353.96
09/28/2021,2804.91
09/28/2022,1337.2
09/28/2023,1652.99
09/28/2024,2675.21
09/28/2025,4142.16
09/29/2020,359.79
09/29/2021,2850.45
09/29/2022,1335.7
09/29/2023,1667.45
09/29/2024,2657.62
09/29/2025,4215.07
09/30/2020,359.83
09/30/2021,3000.61
09/30/2022,1328.72
09/30/2023,1670.89
09/30/2024,2602.23
09/30/2025,4145.15
10/01/2020,352.85
10/01/2021,3309.91
10/01/2022,1311.79
10/01/2023,1733.79
10/01/2024,2447.79
10/01/2025,4348.03
10/02/2020,345.6
10/02/2021,3387.76
10/02/2022,1276.72
10/02/2023,1662.4
10/02/2024,2364.1
10/02/2025,4484.35
10/03/2020,345.95
10/03/2021,3417.73
10/03/2022,1323.09
10/03/2023,1656.88
10/03/2024,2349.8
10/03/2025,4512.87
10/04/2020,352.37
10/04/2021,3386.31
10/04/2022,1361.49
10/04/2023,1646.58
10/04/2024,2414.41
10/04/2025,4487.15
10/05/2020,353.62
10/05/2021,3515.27
10/05/2022,1352.2
10/05/2023,1611.79
10/05/2024,2414.66
10/05/2025,4514.32
10/06/2020,340.75
10/06/2021,3574.89
10/06/2022,1352.06
10/06/2023,1645.03
10/06/2024,2440.03
10/06/2025,4684.01
10/07/2020,341.58
10/07/2021,3587.47
10/07/2022,1331.1
10/07/2023,1633.57
10/07/2024,2422.71
10/07/2025,4447.7
10/08/2020,350.95
10/08/2021,3563.13
10/08/2022,1315.48
10/08/2023,1632.84
10/08/2024,2440.89
10/08/2025,4525.72
10/09/2020,365.02
10/09/2021,3574.82
10/09/2022,1323.13
10/09/2023,1580.13
10/09/2024,2370.47
10/09/2025,4368.09
10/10/2020,370.52
10/10/2021,3414.22
10/10/2022,1290.03
10/10/2023,1567.63
10/10/2024,2386.49
10/10/2025,3829.72
10/11/2020,374.16
10/11/2021,3542.12
10/11/2022,1280.11
10/11/2023,1566.87
10/11/2024,2439.5
10/11/2025,3746.79
10/12/2020,386.51
10/12/2021,3491.46
10/12/2022,1294.44
10/12/2023,1539.61
10/12/2024,2476.4
10/12/2025,4152.29
10/13/2020,381.04
10/13/2021,3607.42
10/13/2022,1287.08
10/13/2023,1552.16
10/13/2024,2468.91
10/13/2025,4240.85
10/14/2020,378.69
10/14/2021,3790.82
10/14/2022,1296.27
10/14/2023,1554.94
10/14/2024,2629.79
10/14/2025,4125.02
10/15/2020,377.64
10/15/2021,3868.99
10/15/2022,1274.92
10/15/2023,1557.77
10/15/2024,2607.41
10/15/2025,3985.61
10/16/2020,365.5
10/16/2021,3829.96
10/16/2022,1305.95
10/16/2023,1599.42
10/16/2024,2611.1
10/16/2025,3894.51
10/17/2020,368.32
10/17/2021,3846.85
10/17/2022,1331.4
10/17/2023,1565.01
10/17/2024,2605.8
10/17/2025,3831.57
10/18/2020,378.11
10/18/2021,3744.96
10/18/2022,1310.71
10/18/2023,1563.44
10/18/2024,2642.17
10/18/2025,3889.21
10/19/2020,379.3
10/19/2021,3877.03
10/19/2022,1285.09
10/19/2023,1566.57
10/19/2024,2648.2
10/19/2025,3982.58
10/20/2020,368.52
10/20/2021,4161.15
10/20/2022,1282.57
10/20/2023,1603.89
10/20/2024,2746.91
10/20/2025,3979.22
10/21/2020,390.38
10/21/2021,4052.99
10/21/2022,1299.75
10/21/2023,1628.94
10/21/2024,2666.7
10/21/2025,3873.05
10/22/2020,413.98
10/22/2021,3972.2
10/22/2022,1313.61
10/22/2023,1663.7
10/22/2024,2622.81
10/22/2025,3805.53
10/23/2020,409.11
10/23/2021,4167.12
10/23/2022,1364.2
10/23/2023,1765.46
10/23/2024,2524.61
10/23/2025,3856.8
10/24/2020,412.14
10/24/2021,4082.33
10/24/2022,1343.61
10/24/2023,1784.98
10/24/2024,2535.82
10/24/2025,3934.88
10/25/2020,405.86
10/25/2021,4220.37
10/25/2022,1459.74
10/25/2023,1787.15
10/25/2024,2440.62
10/25/2025,3953.82
10/26/2020,392.52
10/26/2021,4131.52
10/26/2022,1566.1
10/26/2023,1803.38
10/26/2024,2482.51
10/26/2025,4158.46
10/27/2020,403.45
10/27/2021,3922.0
10/27/2022,1514.05
10/27/2023,1779.4
10/27/2024,2507.8
10/27/2025,4120.15
10/28/2020,388.23
10/28/2021,4286.02
10/28/2022,1554.41
10/28/2023,1776.2
10/28/2024,2567.48
10/28/2025,3979.2
10/29/2020,387.13
10/29/2021,4418.89
10/29/2022,1619.55
10/29/2023,1795.14
10/29/2024,2638.8
10/29/2025,3902.99
10/30/2020,382.49
10/30/2021,4322.68
10/30/2022,1590.44
10/30/2023,1809.04
10/30/2024,2659.19
10/30/2025,3805.09
10/31/2020,386.46
10/31/2021,4287.21
10/31/2022,1572.69
10/31/2023,1814.67
10/31/2024,2518.61
10/31/2025,3847.99
11/01/2020,396.67
11/01/2021,4319.43
11/01/2022,1578.48
11/01/2023,1846.99
11/01/2024,2511.49
11/01/2025,3873.77
11/02/2020,383.02
11/02/2021,4589.89
11/02/2022,1518.34
11/02/2023,1800.8
11/02/2024,2494.23
11/02/2025,3906.58
11/03/2020,387.88
11/03/2021,4603.35
11/03/2022,1531.01
11/03/2023,1832.71
11/03/2024,2457.73
11/03/2025,3603.83
11/04/2020,402.49
11/04/2021,4532.32
11/04/2022,1644.78
11/04/2023,1855.54
11/04/2024,2398.21
11/04/2025,3287.05
11/05/2020,416.69
11/05/2021,4474.24
11/05/2022,1626.98
11/05/2023,1891.71
11/05/2024,2422.55
11/05/2025,3424.29
11/06/2020,455.91
11/06/2021,4518.0
11/06/2022,1568.29
11/06/2023,1900.95
11/06/2024,2721.87
11/06/2025,3315.14
11/07/2020,435.21
11/07/2021,4612.59
11/07/2022,1568.1
11/07/2023,1885.27
11/07/2024,2895.47
11/07/2025,3436.05
11/08/2020,454.3
11/08/2021,4807.98
11/08/2022,1334.77
11/08/2023,1888.12
11/08/2024,2961.75
11/08/2025,3401.51
11/09/2020,444.32
11/09/2021,4732.33
11/09/2022,1102.73
11/09/2023,2121.32
11/09/2024,3126.21
11/09/2025,3583.46
11/10/2020,450.34
11/10/2021,4628.78
11/10/2022,1299.28
11/10/2023,2077.72
11/10/2024,3183.21
11/10/2025,3567.85
11/11/2020,463.09
11/11/2021,4719.0
11/11/2022,1289.28
11/11/2023,2053.17
11/11/2024,3371.59
11/11/2025,3417.76
11/12/2020,462.39
11/12/2021,4665.46
11/12/2022,1257.25
11/12/2023,2044.68
11/12/2024,3243.8
11/12/2025,3414.92
11/13/2020,476.43
11/13/2021,4644.28
11/13/2022,1221.49
11/13/2023,2053.65
11/13/2024,3187.16
11/13/2025,3231.54
11/14/2020,460.89
11/14/2021,4626.5
11/14/2022,1243.28
11/14/2023,1979.39
11/14/2024,3058.82
11/14/2025,3112.4
11/15/2020,448.08
11/15/2021,4563.78
11/15/2022,1253.23
11/15/2023,2058.48
11/15/2024,3090.01
11/15/2025,3167.88
11/16/2020,460.55
11/16/2021,4209.76
11/16/2022,1216.17
11/16/2023,1961.77
11/16/2024,3132.87
11/16/2025,3095.29
11/17/2020,482.15
11/17/2021,4287.8
11/17/2022,1200.43
11/17/2023,1960.82
11/17/2024,3076.0
11/17/2025,3031.44
11/18/2020,478.41
11/18/2021,3996.9
11/18/2022,1212.58
11/18/2023,1962.6
11/18/2024,3207.8
11/18/2025,3123.66
11/19/2020,471.25
11/19/2021,4294.76
11/19/2022,1217.67
11/19/2023,2011.47
11/19/2024,3107.44
11/19/2025,3025.48
11/20/2020,510.12
11/20/2021,4412.17
11/20/2022,1142.21
11/20/2023,2021.4
11/20/2024,3069.97
11/20/2025,2834.22
11/21/2020,552.35
11/21/2021,4258.31
11/21/2022,1107.34
11/21/2023,1933.01
11/21/2024,3355.81
11/21/2025,2765.85
11/22/2020,560.03
11/22/2021,4085.97
11/22/2022,1139.6
11/22/2023,2063.21
11/22/2024,3327.78
11/22/2025,2770.12
11/23/2020,608.58
11/23/2021,4339.44
11/23/2022,1184.52
11/23/2023,2062.2
11/23/2024,3393.91
11/23/2025,2802.16
11/24/2020,604.97
11/24/2021,4269.36
11/24/2022,1203.73
11/24/2023,2080.84
11/24/2024,3361.2
11/24/2025,2953.38
11/25/2020,569.5
11/25/2021,4524.85
11/25/2022,1199.3
11/25/2023,2083.09
11/25/2024,3414.49
11/25/2025,2959.36
11/26/2020,519.83
11/26/2021,4041.2
11/26/2022,1205.6
11/26/2023,2062.33
11/26/2024,3324.73
11/26/2025,3026.56
11/27/2020,518.68
11/27/2021,4095.29
11/27/2022,1193.88
11/27/2023,2027.5
11/27/2024,3653.28
11/27/2025,3015.23
11/28/2020,537.52
11/28/2021,4294.78
11/28/2022,1167.77
11/28/2023,2048.14
11/28/2024,3578.79
11/28/2025,3031.15
11/29/2020,576.3
11/29/2021,4444.53
11/29/2022,1216.49
11/29/2023,2028.81
11/29/2024,3592.21
11/29/2025,2989.16
11/30/2020,616.66
11/30/2021,4630.26
11/30/2022,1294.46
11/30/2023,2051.96
11/30/2024,3703.6
11/30/2025,2991.26
12/01/2020,585.26
12/01/2021,4582.95
12/01/2022,1276.41
12/01/2023,2087.24
12/01/2024,3707.61
12/01/2025,2799.07
12/02/2020,596.89
12/02/2021,4511.21
12/02/2022,1295.59
12/02/2023,2164.74
12/02/2024,3643.42
12/02/2025,2996.07
12/03/2020,615.85
12/03/2021,4215.73
12/03/2022,1240.51
12/03/2023,2192.95
12/03/2024,3614.51
12/03/2025,3188.36
12/04/2020,567.24
12/04/2021,4117.25
12/04/2022,1279.41
12/04/2023,2243.37
12/04/2024,3837.8
12/04/2025,3133.26
12/05/2020,596.8
12/05/2021,4196.44
12/05/2022,1259.41
12/05/2023,2293.33
12/05/2024,3785.2
12/05/2025,3021.78
12/06/2020,601.54
12/06/2021,4347.59
12/06/2022,1271.32
12/06/2023,2232.7
12/06/2024,3998.87
12/06/2025,3038.06
12/07/2020,591.28
12/07/2021,4306.4
12/07/2022,1231.18
12/07/2023,2355.73
12/07/2024,3996.22
12/07/2025,2943.76
12/08/2020,554.94
12/08/2021,4436.91
12/08/2022,1280.18
12/08/2023,2358.72
12/08/2024,4004.15
12/09/2020,573.09
12/09/2021,4105.64
12/09/2022,1263.1
12/09/2023,2340.49
12/09/2024,3712.0
12/10/2020,558.99
12/10/2021,3897.94
12/10/2022,1266.35
12/10/2023,2352.39
12/10/2024,3628.25
12/11/2020,544.43
12/11/2021,4089.37
12/11/2022,1263.01
12/11/2023,2225.12
12/11/2024,3831.81
12/12/2020,568.04
12/12/2021,4130.0
12/12/2022,1275.4
12/12/2023,2203.46
12/12/2024,3881.61
12/13/2020,590.7
12/13/2021,3781.93
12/13/2022,1320.69
12/13/2023,2260.16
12/13/2024,3906.8
12/14/2020,586.29
12/14/2021,3858.99
12/14/2022,1307.44
12/14/2023,2315.32
12/14/2024,3870.29
12/15/2020,588.64
12/15/2021,4019.08
12/15/2022,1266.54
12/15/2023,2220.5
12/15/2024,3959.09
12/16/2020,637.18
12/16/2021,3958.11
12/16/2022,1166.83
12/16/2023,2228.96
12/16/2024,3986.24
12/17/2020,642.7
12/17/2021,3875.42
12/17/2022,1187.16
12/17/2023,2196.52
12/17/2024,3893.01
12/18/2020,653.85
12/18/2021,3959.93
12/18/2022,1183.06
12/18/2023,2219.43
12/18/2024,3626.8
12/19/2020,658.03
12/19/2021,3924.14
12/19/2022,1167.82
12/19/2023,2177.91
12/19/2024,3417.01
12/20/2020,638.18
12/20/2021,3944.73
12/20/2022,1216.94
12/20/2023,2202.17
12/20/2024,3472.21
12/21/2020,607.58
12/21/2021,4014.15
12/21/2022,1213.78
12/21/2023,2239.61
12/21/2024,3338.92
12/22/2020,636.45
12/22/2021,3979.51
12/22/2022,1217.71
12/22/2023,2324.54
12/22/2024,3281.83
12/23/2020,585.56
12/23/2021,4111.41
12/23/2022,1219.99
12/23/2023,2308.2
12/23/2024,3422.53
12/24/2020,612.31
12/24/2021,4046.36
12/24/2022,1220.41
12/24/2023,2264.05
12/24/2024,3493.18
12/25/2020,626.82
12/25/2021,4094.83
12/25/2022,1218.51
12/25/2023,2271.35
12/25/2024,3497.0
12/26/2020,637.44
12/26/2021,4063.56
12/26/2022,1228.11
12/26/2023,2230.88
12/26/2024,3335.05
12/27/2020,685.11
12/27/2021,4037.23
12/27/2022,1211.55
12/27/2023,2378.35
12/27/2024,3333.51
12/28/2020,730.41
12/28/2021,3792.75
12/28/2022,1190.15
12/28/2023,2344.15
12/28/2024,3404.0
12/29/2020,732.0
12/29/2021,3630.19
12/29/2022,1200.49
12/29/2023,2299.2
12/29/2024,3356.48
12/30/2020,752.17
12/30/2021,3709.27
12/30/2022,1199.99
12/30/2023,2291.68
12/30/2024,3361.84
12/31/2020,736.42
12/31/2021,3676.23
12/31/2022,1196.13
12/31/2023,2281.87
12/31/2024,3337.78
