date,actual_price,xrp_hybrid_pred
2024-01-17,0.5685,0.5714037853711914
2024-01-18,0.552,0.5659004370868773
2024-01-19,0.5443,0.548721908029934
2024-01-20,0.5534,0.5408245296280588
2024-01-21,0.5464,0.5502308560286948
2024-01-22,0.5275,0.543098827110803
2024-01-23,0.5183,0.5235007489412761
2024-01-24,0.5181,0.5139670219481097
2024-01-25,0.5138,0.5136328185222052
2024-01-26,0.5323,0.5093740061543748
2024-01-27,0.5303,0.5287099592421571
2024-01-28,0.5241,0.5270754651698464
2024-01-29,0.5352,0.5211248753043427
2024-01-30,0.5107,0.5329181547131868
2024-01-31,0.5033,0.5075742713983588
2024-02-01,0.5058,0.49987439029936753
2024-02-02,0.5105,0.5025023236859559
2024-02-03,0.5186,0.5075746763123423
2024-02-04,0.5032,0.5163282898391754
2024-02-05,0.5069,0.50049756822499
2024-02-06,0.505,0.5043751449025003
2024-02-07,0.5138,0.5025440757796682
2024-02-08,0.5147,0.5119551894444008
2024-02-09,0.5262,0.5131016262123113
2024-02-10,0.5239,0.5252691458201811
2024-02-11,0.5261,0.5230385029806699
2024-02-12,0.5315,0.5252959312847233
2024-02-13,0.5247,0.5310075473222003
2024-02-14,0.5378,0.5239283381507011
2024-02-15,0.5622,0.5375243476489602
2024-02-16,0.5643,0.5633324015416594
2024-02-17,0.5496,0.5656955200499212
2024-02-18,0.5571,0.5501567047481842
2024-02-19,0.5626,0.5577258469055231
2024-02-20,0.5622,0.5632320256130807
2024-02-21,0.5491,0.5627147506647522
2024-02-22,0.541,0.5486846692932263
2024-02-23,0.5342,0.5398582617716197
2024-02-24,0.545,0.532355115633008
2024-02-25,0.5425,0.5434028785115719
2024-02-26,0.5506,0.5406630734582543
2024-02-27,0.5861,0.5491365498096261
2024-02-28,0.575,0.586437793536164
2024-02-29,0.5867,0.5750470390015923
2024-03-01,0.6013,0.5874201866595126
2024-03-02,0.6442,0.6026999816818672
2024-03-03,0.6271,0.6478098590459709
2024-03-04,0.6477,0.629959805069592
2024-03-05,0.5912,0.6515684441601612
2024-03-06,0.6121,0.5916919613581021
2024-03-07,0.627,0.6128273204517005
2024-03-08,0.62,0.6280279387418977
2024-03-09,0.6197,0.6204757986340493
2024-03-10,0.608,0.6198510441328063
2024-03-11,0.723,0.6072590396247304
2024-03-12,0.688,0.7278760120717002
2024-03-13,0.6891,0.691482756034519
2024-03-14,0.669,0.6924442218673059
2024-03-15,0.6342,0.6706348453912783
2024-03-16,0.6031,0.6335465588057767
2024-03-17,0.6191,0.6001333783303384
2024-03-18,0.6453,0.6160375607453218
2024-03-19,0.5845,0.6429629986033327
2024-03-20,0.6107,0.5797096632731549
2024-03-21,0.6404,0.6066046161253028
2024-03-22,0.6115,0.638108629486606
2024-03-23,0.6167,0.608140544231675
2024-03-24,0.6325,0.6135733596195045
2024-03-25,0.6406,0.6302986048168779
2024-03-26,0.6317,0.6390687999537211
2024-03-27,0.6118,0.6300612836878577
2024-03-28,0.6244,0.6087065477014388
2024-03-29,0.6301,0.622059992817306
2024-03-30,0.6212,0.6281388949277562
2024-03-31,0.6292,0.6190723577103404
2024-04-01,0.611,0.627641699385035
2024-04-02,0.5854,0.608769812054675
2024-04-03,0.5742,0.581751503558017
2024-04-04,0.5935,0.5696800563924618
2024-04-05,0.5871,0.5900057372790374
2024-04-06,0.593,0.5833211729128014
2024-04-07,0.5944,0.5895093722755885
2024-04-08,0.6147,0.5914042623726499
2024-04-09,0.6141,0.6128598438642869
2024-04-10,0.6172,0.6125189843488603
2024-04-11,0.6086,0.6159820039585908
2024-04-12,0.5468,0.6071793516567398
2024-04-13,0.4788,0.5426403538382463
2024-04-14,0.5033,0.4714542282916978
2024-04-15,0.4977,0.49610695942529115
2024-04-16,0.4965,0.4904129901732907
2024-04-17,0.4951,0.48944248299206755
2024-04-18,0.5025,0.4885353198627862
2024-04-19,0.503,0.4968593054180661
2024-04-20,0.5288,0.49802886708917377
2024-04-21,0.5246,0.5254004921942063
2024-04-22,0.556,0.5217916757250809
2024-04-23,0.5445,0.5551708137952056
2024-04-24,0.5275,0.5437206498417371
2024-04-25,0.5254,0.5260600581251547
2024-04-26,0.5261,0.5238584262200982
2024-04-27,0.5179,0.5245448515708093
2024-04-28,0.5103,0.5159932733634434
2024-04-29,0.5151,0.5082655889700715
2024-04-30,0.5006,0.5134972577043764
2024-05-01,0.5175,0.49806200349670005
2024-05-02,0.518,0.5156332770295111
2024-05-03,0.5317,0.5162466368682633
2024-05-04,0.5302,0.5306984533847551
2024-05-05,0.5296,0.5292466506078951
2024-05-06,0.5402,0.5286921000402199
2024-05-07,0.5245,0.5396787494418852
2024-05-08,0.5171,0.5233181926154319
2024-05-09,0.5209,0.5152893051049147
2024-05-10,0.5022,0.5192148131484445
2024-05-11,0.5059,0.4996934626084794
2024-05-12,0.4993,0.5034018293997071
2024-05-13,0.5053,0.4964635511638779
2024-05-14,0.5002,0.5027644762173312
2024-05-15,0.5188,0.49756479422592353
2024-05-16,0.5157,0.5170645890279523
2024-05-17,0.5234,0.5141408585743596
2024-05-18,0.5213,0.5222458952642253
2024-05-19,0.5096,0.520195543813901
2024-05-20,0.5377,0.5079242251472363
2024-05-21,0.537,0.5373369342802774
2024-05-22,0.5268,0.5367880347870172
2024-05-23,0.5289,0.5260916309802158
2024-05-24,0.536,0.5282842887901006
2024-05-25,0.5416,0.5356661769480113
2024-05-26,0.5283,0.541461547021881
2024-05-27,0.534,0.5275573746375499
2024-05-28,0.5287,0.5332962354472813
2024-05-29,0.5238,0.5276405655849351
2024-05-30,0.5186,0.5223086278450603
2024-05-31,0.5176,0.5167388172154221
2024-06-01,0.5187,0.5154513980946267
2024-06-02,0.5135,0.5165699416598799
2024-06-03,0.5199,0.5110967499402352
2024-06-04,0.5257,0.5178115302482191
2024-06-05,0.5258,0.5240406414737193
2024-06-06,0.5215,0.5241127882879808
2024-06-07,0.4991,0.5197316020585315
2024-06-08,0.4926,0.49638887189711955
2024-06-09,0.4986,0.48944001028163175
2024-06-10,0.4969,0.49558270243342745
2024-06-11,0.4802,0.4938708057876158
2024-06-12,0.4916,0.4766349703991094
2024-06-13,0.4769,0.488513395795661
2024-06-14,0.4746,0.473391364604181
2024-06-15,0.4908,0.4711046953528468
2024-06-16,0.4891,0.488169137690373
2024-06-17,0.5047,0.48669923146307065
2024-06-18,0.491,0.503264235338282
2024-06-19,0.4933,0.4892478648479666
2024-06-20,0.4888,0.4917032605410434
2024-06-21,0.4889,0.4870368693852129
2024-06-22,0.4866,0.4871710894897853
2024-06-23,0.4797,0.4848179107374503
2024-06-24,0.474,0.4777230082187826
2024-06-25,0.4757,0.47173768082623635
2024-06-26,0.4698,0.4734247418875393
2024-06-27,0.4753,0.46729213676936215
2024-06-28,0.4716,0.4731458781272311
2024-06-29,0.4727,0.4692991842749202
2024-06-30,0.4761,0.4706057733448046
2024-07-01,0.477,0.47425399013969943
2024-07-02,0.4853,0.47521695538532
2024-07-03,0.4672,0.4840379436815746
2024-07-04,0.4329,0.4651521871565961
2024-07-05,0.4251,0.4293660019931247
2024-07-06,0.4488,0.4209637876627328
2024-07-07,0.4195,0.4455520898582504
2024-07-08,0.4316,0.4152707463510843
2024-07-09,0.4356,0.4279182214662619
2024-07-10,0.4388,0.4323667849609432
2024-07-11,0.4491,0.43603995505772314
2024-07-12,0.4745,0.4470990579108381
2024-07-13,0.5257,0.4740961076130482
2024-07-14,0.5205,0.5284398330917224
2024-07-15,0.5372,0.5236321095774106
2024-07-16,0.5793,0.5414668259192278
2024-07-17,0.626,0.586070821627906
2024-07-18,0.5697,0.6357967367057378
2024-07-19,0.5733,0.5757720199915882
2024-07-20,0.5937,0.5787837246669819
2024-07-21,0.5984,0.5996463874868045
2024-07-22,0.608,0.6038190960080925
2024-07-23,0.5975,0.6129516451940786
2024-07-24,0.6179,0.6013049891789323
2024-07-25,0.5996,0.62186530048281
2024-07-26,0.6034,0.6018562457158739
2024-07-27,0.5956,0.6050627650735033
2024-07-28,0.6012,0.5961380996175404
2024-07-29,0.6019,0.6012669161660245
2024-07-30,0.6277,0.6012952956137801
2024-07-31,0.623,0.6282059021309649
2024-08-01,0.5964,0.6231532536264313
2024-08-02,0.5607,0.5948831183511668
2024-08-03,0.5558,0.5570068347146366
2024-08-04,0.5228,0.5517723442233796
2024-08-05,0.4889,0.5171282545195557
2024-08-06,0.5062,0.4815981171696645
2024-08-07,0.6002,0.4992888465370443
2024-08-08,0.6166,0.5974466728195027
2024-08-09,0.5805,0.6160513143456069
2024-08-10,0.5841,0.5790968626775522
2024-08-11,0.5528,0.5832492920891118
2024-08-12,0.5684,0.5505426706779898
2024-08-13,0.577,0.5667133212677326
2024-08-14,0.5687,0.5757007300006977
2024-08-15,0.5607,0.5670962606653885
2024-08-16,0.5638,0.5585761943280177
2024-08-17,0.5665,0.5617988202388555
2024-08-18,0.5631,0.564771938955359
2024-08-19,0.5985,0.561415148330384
2024-08-20,0.5937,0.5985219683204694
2024-08-21,0.5999,0.5939038972404779
2024-08-22,0.5976,0.6006279656411793
2024-08-23,0.6109,0.5979723863906766
2024-08-24,0.6127,0.6112204411318476
2024-08-25,0.6,0.6130489770559953
2024-08-26,0.5874,0.5998569518765978
2024-08-27,0.5666,0.5863403091337347
2024-08-28,0.5693,0.5643847628440511
2024-08-29,0.5619,0.5666954756058065
2024-08-30,0.5667,0.5587208307716381
2024-08-31,0.5662,0.5636773866388466
2024-09-01,0.5472,0.563234968152174
2024-09-02,0.5677,0.5434502511771622
2024-09-03,0.5572,0.56481638713422
2024-09-04,0.5579,0.5540951997819025
2024-09-05,0.5444,0.55477943982808
2024-09-06,0.5211,0.5408923980489387
2024-09-07,0.5248,0.5166347473042836
2024-09-08,0.5295,0.5204587793370956
2024-09-09,0.5395,0.525432693114723
2024-09-10,0.5408,0.5361474639123669
2024-09-11,0.5348,0.5379516044869578
2024-09-12,0.5626,0.532057154283989
2024-09-13,0.5728,0.5614597972699965
2024-09-14,0.5956,0.5725133794503867
2024-09-15,0.5706,0.5968319487017792
2024-09-16,0.5866,0.5707763487208594
2024-09-17,0.5839,0.5874506080437444
2024-09-18,0.5852,0.5846295633579465
2024-09-19,0.5868,0.5856733127922149
2024-09-20,0.5851,0.587205696219342
2024-09-21,0.5976,0.5851833336632165
2024-09-22,0.5871,0.5981463536465348
2024-09-23,0.5847,0.5870809599007709
2024-09-24,0.5911,0.5842254914196171
2024-09-25,0.5831,0.5906230144657967
2024-09-26,0.5905,0.5819907664787424
2024-09-27,0.5888,0.5895372285320725
2024-09-28,0.6138,0.5876869468658376
2024-09-29,0.6412,0.6136471305134885
2024-09-30,0.6114,0.6425365553456123
2024-10-01,0.5967,0.6113005202874844
2024-10-02,0.5383,0.5958212136873493
2024-10-03,0.5217,0.5342865729938181
2024-10-04,0.534,0.5163714186260032
2024-10-05,0.5294,0.5287406412371016
2024-10-06,0.5336,0.5239898178535847
2024-10-07,0.5286,0.5285623387788113
2024-10-08,0.531,0.5236298991069415
2024-10-09,0.5245,0.52652936267735
2024-10-10,0.5305,0.5201420722633101
2024-10-11,0.5388,0.5266831639475191
2024-10-12,0.5393,0.535769625558971
2024-10-13,0.5321,0.5366567435094104
2024-10-14,0.5483,0.5294620649083005
2024-10-15,0.5417,0.5464819788545414
2024-10-16,0.5482,0.5397623651920385
2024-10-17,0.5441,0.5469103533828088
2024-10-18,0.5465,0.5428273917534506
2024-10-19,0.544,0.5456723569601576
2024-10-20,0.5482,0.5430781658501597
2024-10-21,0.5449,0.547300963157658
2024-10-22,0.5339,0.5438117575013224
2024-10-23,0.5258,0.5321683162343358
2024-10-24,0.532,0.5235579486695289
2024-10-25,0.5022,0.5298726973918484
2024-10-26,0.5134,0.49874622490632864
2024-10-27,0.5168,0.5102011858769903
2024-10-28,0.5195,0.5137611588220383
2024-10-29,0.5284,0.5167488764810498
2024-10-30,0.5229,0.5262972750028788
2024-10-31,0.5095,0.5206976477590837
2024-11-01,0.5131,0.5068681205901735
2024-11-02,0.5103,0.5106050753332376
2024-11-03,0.503,0.5077852771680338
2024-11-04,0.5035,0.5002224761125937
2024-11-05,0.514,0.5008013323958539
2024-11-06,0.5418,0.5118501368884751
2024-11-07,0.5556,0.5412113001979034
2024-11-08,0.5537,0.5561599480029854
2024-11-09,0.5593,0.5544997249940974
2024-11-10,0.5884,0.5604010588308552
2024-11-11,0.6207,0.5911972354907203
2024-11-12,0.704,0.6252681757559316
2024-11-13,0.6898,0.713719649197663
2024-11-14,0.7736,0.6989431586225637
2024-11-15,0.8922,0.7878378852788535
2024-11-16,1.1209,0.9148563568563148
2024-11-17,1.0543,1.1623969906672935
2024-11-18,1.1137,1.0901612084876293
2024-11-19,1.1003,1.152353713764006
2024-11-20,1.1041,1.134760786501236
2024-11-21,1.247,1.1348616037706372
2024-11-22,1.4726,1.2845148820356231
2024-11-23,1.4685,1.5247394757624755
2024-11-24,1.4331,1.5172200216050205
2024-11-25,1.4142,1.4746829647047115
2024-11-26,1.3984,1.4488591123012893
2024-11-27,1.4696,1.4259836433186601
2024-11-28,1.5421,1.4964131691765323
2024-11-29,1.8006,1.5685514399145102
2024-11-30,1.9513,1.8418991145597563
2024-12-01,2.2937,2.000636913794525
2024-12-02,2.7245,2.3663440714995767
2024-12-03,2.5102,2.8296620404764385
2024-12-04,2.3574,2.596067542923534
2024-12-05,2.2446,2.42286265380995
2024-12-06,2.4257,2.2922085620410586
2024-12-07,2.6099,2.4759571254235553
2024-12-08,2.6013,2.663617296984428
2024-12-09,2.2124,2.646219172086377
2024-12-10,2.3709,2.227299436605003
2024-12-11,2.3941,2.3868642738602883
2024-12-12,2.3384,2.406220259361292
2024-12-13,2.4217,2.343706459611983
2024-12-14,2.4005,2.4270504551966368
2024-12-15,2.4469,2.401992697750386
2024-12-16,2.4841,2.4469411485123422
2024-12-17,2.5673,2.4842600821313745
2024-12-18,2.3103,2.5693299799762244
2024-12-19,2.239,2.2982579861500385
2024-12-20,2.2793,2.2234880315393686
2024-12-21,2.238,2.2648175831591613
2024-12-22,2.2031,2.221982334155688
2024-12-23,2.2617,2.1844688287139706
2024-12-24,2.3238,2.2449827272161023
2024-12-25,2.2973,2.3113592432792793
2024-12-26,2.1559,2.287579964068418
2024-12-27,2.1466,2.1397191421269066
2024-12-28,2.1843,2.129566655472055
2024-12-29,2.0942,2.16931061174892
2024-12-30,2.0587,2.0758112258131547
2024-12-31,2.0836,2.0393088204402354
2025-01-01,2.3328,2.06548481974864
2025-01-02,2.4024,2.3269388586411126
2025-01-03,2.4547,2.403174562203304
2025-01-04,2.4201,2.4626184130076743
2025-01-05,2.3994,2.427979286968831
2025-01-06,2.42,2.405669394423758
2025-01-07,2.2712,2.426554991229748
2025-01-08,2.3731,2.2690946332451936
2025-01-09,2.2722,2.3732808641296597
2025-01-10,2.3414,2.266123679792113
2025-01-11,2.5764,2.3373577525639004
2025-01-12,2.5046,2.5847488797239504
2025-01-13,2.5232,2.5103781445474196
2025-01-14,2.6673,2.529321950957227
2025-01-15,3.1429,2.681005622423395
2025-01-16,3.2451,3.1851287210188417
2025-01-17,3.2922,3.296300443577542
2025-01-18,3.2697,3.3446761508417153
2025-01-19,2.9587,3.3179588647271636
2025-01-20,3.1053,2.9829257863945053
2025-01-21,3.1738,3.130976203625058
2025-01-22,3.1803,3.1982854354881685
2025-01-23,3.1194,3.200752938168421
2025-01-24,3.1009,3.1334578588490785
2025-01-25,3.108,3.1087070726202324
2025-01-26,3.0223,3.113065524121755
2025-01-27,3.0552,3.019304195595708
2025-01-28,3.0572,3.049205454997442
2025-01-29,3.0683,3.050214786518384
2025-01-30,3.1276,3.0605971325032733
2025-01-31,3.0361,3.1211738423451023
2025-02-01,2.8778,3.0228574487445514
2025-02-02,2.58,2.85698544169111
2025-02-03,2.7001,2.5460708138107226
2025-02-04,2.5274,2.668590630320272
2025-02-05,2.381,2.4915705907424672
2025-02-06,2.325,2.3395294262807367
2025-02-07,2.3968,2.2817480883407457
2025-02-08,2.419,2.3573184360222297
2025-02-09,2.3928,2.383862893963521
2025-02-10,2.4237,2.3605471851139637
2025-02-11,2.4131,2.395993843462564
2025-02-12,2.4734,2.3888394029373856
2025-02-13,2.5599,2.4544828221338832
2025-02-14,2.7384,2.548020783890129
2025-02-15,2.7619,2.738462599633408
2025-02-16,2.7283,2.7666839118120206
2025-02-17,2.6599,2.7339760569226517
2025-02-18,2.5628,2.663050625735712
2025-02-19,2.7378,2.561302637714554
2025-02-20,2.6877,2.742105595000557
2025-02-21,2.5721,2.6900423301395433
2025-02-22,2.574,2.568246050482858
2025-02-23,2.5763,2.568242634870021
2025-02-24,2.2783,2.568533185000783
2025-02-25,2.3222,2.256268138524717
2025-02-26,2.1982,2.2994396417144434
2025-02-27,2.1985,2.1697638011699243
2025-02-28,2.1453,2.1696907972202473
2025-03-01,2.1916,2.1149773332002497
2025-03-02,2.9396,2.1638086588562637
2025-03-03,2.3873,2.9476687652093867
2025-03-04,2.4543,2.3762373803670482
2025-03-05,2.4998,2.447583933244885
2025-03-06,2.6001,2.4964138399525906
2025-03-07,2.3855,2.6031318944807778
2025-03-08,2.3261,2.3779018103163176
2025-03-09,2.1387,2.314757920417997
2025-03-10,2.0216,2.1184557351541673
2025-03-11,2.1711,1.9947971549942862
2025-03-12,2.2396,2.14852035930039
2025-03-13,2.2527,2.2227052333036097
2025-03-14,2.3564,2.23813979165786
2025-03-15,2.3911,2.3492033106690116
2025-03-16,2.2938,2.387783654503607
2025-03-17,2.3382,2.2876617906953958
2025-03-18,2.2851,2.3338829661436495
2025-03-19,2.5469,2.2749007973721644
2025-03-20,2.4361,2.5529932148313086
2025-03-21,2.3809,2.4378647256264623
2025-03-22,2.3711,2.3795663290276936
2025-03-23,2.4393,2.3678321101125346
2025-03-24,2.4501,2.439731040894926
2025-03-25,2.4492,2.4509887586536228
2025-03-26,2.3494,2.450577756088523
2025-03-27,2.341,2.345477640440281
2025-03-28,2.2073,2.333857500887285
2025-03-29,2.1351,2.1924995184807607
2025-03-30,2.1369,2.115641719219031
2025-03-31,2.0899,2.1159121006586195
2025-04-01,2.1387,2.0670008663303445
2025-04-02,2.0237,2.1187532654549797
2025-04-03,2.0648,2.0002662347613174
2025-04-04,2.1302,2.0439078147610945
2025-04-05,2.1442,2.1122528676879084
2025-04-06,1.9218,2.1299025360965524
2025-04-07,1.8987,1.9004298916456088
2025-04-08,1.7963,1.8762551839036314
2025-04-09,2.0529,1.7700587783586208
2025-04-10,1.9658,2.036931020558687
2025-04-11,2.0225,1.949474528045438
2025-04-12,2.1598,2.011145436363721
2025-04-13,2.1196,2.157003186635443
2025-04-14,2.1275,2.118108718535026
2025-04-15,2.0842,2.1277829563026374
2025-04-16,2.0834,2.0825395774968896
2025-04-17,2.0673,2.0814578319026444
2025-04-18,2.0619,2.0637026716244407
2025-04-19,2.0877,2.058048177564751
2025-04-20,2.0787,2.0842052471313823
2025-04-21,2.0855,2.074172653973466
2025-04-22,2.2139,2.081007021231764
2025-04-23,2.2184,2.2169607205868096
2025-04-24,2.2049,2.2223351160494396
2025-04-25,2.1812,2.2086972129030027
2025-04-26,2.1912,2.1813551220587595
2025-04-27,2.252,2.191552014039256
2025-04-28,2.2949,2.25423282134583
2025-04-29,2.238,2.298254080264731
2025-04-30,2.1908,2.238602020261007
2025-05-01,2.2123,2.1880254066172555
2025-05-02,2.2093,2.2095105332328537
2025-05-03,2.1872,2.2054845198162387
2025-05-04,2.156,2.1817118601528036
2025-05-05,2.1306,2.1483338224586928
2025-05-06,2.155,2.120885494575045
2025-05-07,2.1265,2.1459250146162328
2025-05-08,2.3272,2.116093284069919
2025-05-09,2.3439,2.325622859712909
2025-05-10,2.4711,2.345110642277523
2025-05-11,2.367,2.4803643174877648
2025-05-12,2.5439,2.372029656302692
2025-05-13,2.5829,2.5576526934328156
2025-05-14,2.5503,2.5986171015480033
2025-05-15,2.3856,2.5634954147901023
2025-05-16,2.3798,2.388695668668346
2025-05-17,2.3531,2.379699317806729
2025-05-18,2.428,2.3489773808985492
2025-05-19,2.3803,2.4255685633515243
2025-05-20,2.3565,2.374893419173004
2025-05-21,2.3952,2.3491449327325933
2025-05-22,2.4311,2.388897531485967
2025-05-23,2.2966,2.426086094523658
2025-05-24,2.3303,2.285512564768984
2025-05-25,2.3417,2.318575306453291
2025-05-26,2.3103,2.3304320371862137
2025-05-27,2.3168,2.2973709277966514
2025-05-28,2.2742,2.3051033104874374
2025-05-29,2.2442,2.2601337179856165
2025-05-30,2.1398,2.229035984043527
2025-05-31,2.1738,2.1207095289978652
2025-06-01,2.1792,2.1567090676600142
2025-06-02,2.1965,2.1628988902985564
2025-06-03,2.2446,2.1820251195527276
2025-06-04,2.2009,2.2330770710111434
2025-06-05,2.0936,2.189203491672178
2025-06-06,2.1598,2.0780525067756193
2025-06-07,2.1769,2.1467815845796934
2025-06-08,2.267,2.1653530099798575
2025-06-09,2.3211,2.2614785760235003
2025-06-10,2.3074,2.319560677542024
2025-06-11,2.2704,2.306484227659206
2025-06-12,2.1899,2.268276859245092
2025-06-13,2.1472,2.1834713746857592
2025-06-14,2.1394,2.1379508404400354
2025-06-15,2.1655,2.128922089043987
2025-06-16,2.238,2.156206727539807
2025-06-17,2.159,2.2318845843048973
2025-06-18,2.1705,2.1498695809234576
2025-06-19,2.1648,2.161694786911982
2025-06-20,2.1194,2.155586626284562
2025-06-21,2.0632,2.108552512313707
2025-06-22,2.0172,2.05025727121695
2025-06-23,2.1584,2.0014707205481184
2025-06-24,2.1898,2.148603603939042
2025-06-25,2.1859,2.1825129084836243
2025-06-26,2.1054,2.1797287617315746
2025-06-27,2.1419,2.096495026416583
2025-06-28,2.1854,2.1348141874127218
2025-06-29,2.2061,2.18109131676295
2025-06-30,2.2362,2.2035212669954167
2025-07-01,2.172,2.2354836670727756
2025-07-02,2.2336,2.1681663104824827
2025-07-03,2.2569,2.231822769222626
2025-07-04,2.2205,2.256766147030617
2025-07-05,2.2178,2.2183938085881283
2025-07-06,2.2709,2.2149808229393844
2025-07-07,2.2708,2.2703352418858147
2025-07-08,2.3108,2.2703316126752813
2025-07-09,2.4038,2.3121622573839624
2025-07-10,2.5471,2.4087655408876865
2025-07-11,2.7322,2.559985131218675
2025-07-12,2.7395,2.756641117123036
2025-07-13,2.8361,2.7658793439195066
2025-07-14,2.9582,2.8670759766950065
2025-07-15,2.919,2.99479995064067
2025-07-16,3.038,2.9510286034205704
2025-07-17,3.4814,3.0735693565622246
2025-07-18,3.4135,3.542845172151294
2025-07-19,3.4244,3.46848568290105
2025-07-20,3.454,3.475654802523917
2025-07-21,3.5495,3.501629071306092
2025-07-22,3.5504,3.5967951018193944
2025-07-23,3.1838,3.5912011694379196
2025-07-24,3.1453,3.1970585938453615
2025-07-25,3.1423,3.1479780934032937
2025-07-26,3.1662,3.137761628886046
2025-07-27,3.2389,3.1576628791574204
2025-07-28,3.1235,3.2303779481478454
2025-07-29,3.128,3.108998107227436
2025-07-30,3.0966,3.111984975071913
2025-07-31,3.0224,3.078130933372998
2025-08-01,2.9613,3.0009650555665757
2025-08-02,2.7695,2.9364718103350693
2025-08-03,2.948,2.7350562576223947
2025-08-04,3.0716,2.9208032183463066
2025-08-05,2.9623,3.052246098175371
2025-08-06,2.9908,2.9416334067873433
2025-08-07,3.3197,2.972869713371176
2025-08-08,3.2859,3.319443232634329
2025-08-09,3.2259,3.2902734486736427
2025-08-10,3.187,3.2290280898041432
2025-08-11,3.1295,3.1878230838642616
2025-08-12,3.2676,3.1261502146753495
2025-08-13,3.2744,3.2691790785624066
2025-08-14,3.0792,3.276843668227059
2025-08-15,3.0779,3.071303549702581
2025-08-16,3.1055,3.0677582579777862
2025-08-17,3.0877,3.0954229652669056
2025-08-18,3.0616,3.07636241381871
2025-08-19,2.8608,3.0495556513900306
2025-08-20,2.9512,2.8380769288659358
2025-08-21,2.8519,2.930162967916685
2025-08-22,3.0744,2.8276995468802326
2025-08-23,3.0485,3.059922653809755
2025-08-24,3.0258,3.0337482299992926
2025-08-25,2.8584,3.012429560412955
2025-08-26,3.0123,2.839067664405269
2025-08-27,2.9688,2.9996714942393714
2025-08-28,2.9665,2.9558056684316534
2025-08-29,2.8195,2.953461789686835
2025-08-30,2.8181,2.8005461954722315
2025-08-31,2.7757,2.7995637650535175
2025-09-01,2.7589,2.755243655477539
2025-09-02,2.862,2.7377603544789357
2025-09-03,2.8443,2.846084475453846
2025-09-04,2.7946,2.829535860216072
2025-09-05,2.8147,2.779961445710425
2025-09-06,2.8098,2.800946703231361
2025-09-07,2.877,2.797152406804843
2025-09-08,2.9697,2.8669591574874955
2025-09-09,2.9474,2.965696318667731
2025-09-10,2.9834,2.944092703432568
2025-09-11,3.0398,2.983426355432071
2025-09-12,3.1054,3.041965420124716
2025-09-13,3.1193,3.111526456581943
2025-09-14,3.0279,3.126281951419024
2025-09-15,2.9969,3.030392850836441
2025-09-16,3.0376,2.995835683008971
2025-09-17,3.0841,3.036776227436328
2025-09-18,3.0735,3.084357864865498
2025-09-19,2.9901,3.0717848773225738
2025-09-20,2.975,2.98353934728782
2025-09-21,2.9701,2.9664885919110704
2025-09-22,2.8526,2.9599988041335377
2025-09-23,2.8247,2.8363756176410173
2025-09-24,2.9257,2.8056474663010245
2025-09-25,2.7435,2.9101001533438917
2025-09-26,2.7835,2.7211055280897685
2025-09-27,2.8047,2.762293941465606
2025-09-28,2.8674,2.7848650048683856
2025-09-29,2.8801,2.851423969057479
2025-09-30,2.8468,2.866661203381709
2025-10-01,2.9485,2.8340160235153085
2025-10-02,3.0389,2.9415746317838773
2025-10-03,3.0401,3.0377234975902803
2025-10-04,2.9685,3.040402999624495
2025-10-05,2.9697,2.965974161633435
2025-10-06,2.9883,2.9670701045079606
2025-10-07,2.852,2.9858546704673654
2025-10-08,2.8797,2.842325838185776
2025-10-09,2.8021,2.870278771853435
2025-10-10,2.3704,2.7882642854226187
2025-10-11,2.3819,2.337219133848891
2025-10-12,2.5282,2.346599617347649
2025-10-13,2.6052,2.497016254151337
2025-10-14,2.5033,2.5791356799578917
2025-10-15,2.4109,2.476069313533427
2025-10-16,2.328,2.382054341668407
2025-10-17,2.2936,2.2974912367128386
2025-10-18,2.3596,2.262469417506387
2025-10-19,2.3908,2.3322197217255507
2025-10-20,2.4948,2.367523376189467
2025-10-21,2.4222,2.4793845911162755
2025-10-22,2.3647,2.406972216520283
2025-10-23,2.3947,2.348751744438319
2025-10-24,2.5103,2.3817026497863436
2025-10-25,2.5959,2.5036917342087173
2025-10-26,2.6461,2.5959190688527882
2025-10-27,2.634,2.652953695745818
2025-10-28,2.6034,2.6406719392535583
2025-10-29,2.5502,2.607156521354846
2025-10-30,2.4393,2.5497998958768577
2025-10-31,2.5097,2.4325453333068996
2025-11-01,2.5053,2.504642816349288
2025-11-02,2.5267,2.499528444633945
2025-11-03,2.3096,2.5214116034384846
2025-11-04,2.2053,2.293494335469087
2025-11-05,2.3432,2.1828877522085515
2025-11-06,2.213,2.324430404620346
2025-11-07,2.3154,2.1902597727340227
2025-11-08,2.2863,2.2974534429781217
2025-11-09,2.3662,2.2685459499830136
2025-11-10,2.526,2.3527893781264773
2025-11-11,2.3915,2.5218833425437728
2025-11-12,2.3879,2.3836723120693466
2025-11-13,2.3225,2.380739809873577
2025-11-14,2.2443,2.31272945376516
2025-11-15,2.2372,2.2309108895277
2025-11-16,2.2149,2.2233025077839432
2025-11-17,2.1637,2.1993744666425163
2025-11-18,2.2172,2.14611609862898
2025-11-19,2.1098,2.201934591924772
2025-11-20,1.9999,2.0919904917638577
2025-11-21,1.9509,1.9781022577034832
2025-11-22,1.9509,1.9260891864279075
2025-11-23,2.0491,1.9269098787742247
2025-11-24,2.2276,2.0294428144819974
2025-11-25,2.2024,2.2184347804760662
2025-11-26,2.2233,2.19537837916219
2025-11-27,2.1999,2.218896179920197
2025-11-28,2.1795,2.196731637498743
2025-11-29,2.2009,2.1759228186650486
2025-11-30,2.155,2.1987019343806904
2025-12-01,2.0297,2.1508776421674516
2025-12-02,2.1532,2.0190665646298873
2025-12-03,2.1976,2.1469077695707544
2025-12-04,2.096,2.1939415609491006
2025-12-05,2.0344,2.087717511842958
2025-12-06,2.0309,2.0233498005030577
2025-12-07,2.0442,2.0194027407731063
